1,aligned-images/adam/adam-89.png
1,aligned-images/adam/adam-47.png
1,aligned-images/adam/adam-6.png
1,aligned-images/adam/adam-71.png
1,aligned-images/adam/adam-60.png
1,aligned-images/adam/adam-82.png
1,aligned-images/adam/adam-32.png
1,aligned-images/adam/adam-77.png
1,aligned-images/adam/adam-20.png
1,aligned-images/adam/adam-54.png
1,aligned-images/adam/adam-39.png
1,aligned-images/adam/adam-30.png
1,aligned-images/adam/adam-4.png
1,aligned-images/adam/adam-8.png
1,aligned-images/adam/adam-7.png
1,aligned-images/adam/adam-42.png
1,aligned-images/adam/adam-26.png
1,aligned-images/adam/adam-14.png
1,aligned-images/adam/adam-19.png
1,aligned-images/adam/adam-3.png
1,aligned-images/adam/adam-23.png
1,aligned-images/adam/adam-52.png
1,aligned-images/adam/adam-2.png
1,aligned-images/adam/adam-67.png
1,aligned-images/adam/adam-9.png
1,aligned-images/adam/adam-38.png
1,aligned-images/adam/adam-24.png
1,aligned-images/adam/adam-15.png
1,aligned-images/adam/adam-64.png
1,aligned-images/adam/adam-70.png
1,aligned-images/adam/adam-85.png
1,aligned-images/adam/adam-81.png
1,aligned-images/adam/adam-22.png
1,aligned-images/adam/adam-35.png
1,aligned-images/adam/adam-36.png
1,aligned-images/adam/adam-5.png
1,aligned-images/adam/adam-75.png
1,aligned-images/adam/adam-49.png
1,aligned-images/adam/adam-12.png
1,aligned-images/adam/adam-78.png
1,aligned-images/adam/adam-1.png
1,aligned-images/adam/adam-50.png
1,aligned-images/adam/adam-10.png
1,aligned-images/adam/adam-41.png
1,aligned-images/adam/adam-45.png
1,aligned-images/adam/adam-86.png
1,aligned-images/adam/adam-73.png
1,aligned-images/adam/adam-27.png
1,aligned-images/adam/adam-29.png
1,aligned-images/adam/adam-87.png
2,aligned-images/brandon/brandon-31.png
2,aligned-images/brandon/brandon-180.png
2,aligned-images/brandon/brandon-160.png
2,aligned-images/brandon/brandon-183.png
2,aligned-images/brandon/brandon-joffe-2.png
2,aligned-images/brandon/brandon-138.png
2,aligned-images/brandon/brandon-56.png
2,aligned-images/brandon/brandon-62.png
2,aligned-images/brandon/brandon-144.png
2,aligned-images/brandon/brandon-134.png
2,aligned-images/brandon/brandon-171.png
2,aligned-images/brandon/brandon-57.png
2,aligned-images/brandon/brandon-130.png
2,aligned-images/brandon/brandon-113.png
2,aligned-images/brandon/brandon-165.png
2,aligned-images/brandon/brandon-107.png
2,aligned-images/brandon/brandon-136.png
2,aligned-images/brandon/brandon_58.png
2,aligned-images/brandon/brandon-97.png
2,aligned-images/brandon/brandon-42.png
2,aligned-images/brandon/brandon-44.png
2,aligned-images/brandon/brandon-joffe-1.png
2,aligned-images/brandon/brandon-69.png
2,aligned-images/brandon/brandon-185.png
2,aligned-images/brandon/brandon-172.png
2,aligned-images/brandon/brandon-60.png
2,aligned-images/brandon/brandon-34.png
2,aligned-images/brandon/brandon-80.png
2,aligned-images/brandon/brandon-161.png
2,aligned-images/brandon/brandon-53.png
2,aligned-images/brandon/brandon-103.png
2,aligned-images/brandon/brandon-86.png
2,aligned-images/brandon/brandon-58.png
2,aligned-images/brandon/brandon-64.png
2,aligned-images/brandon/brandon-178.png
2,aligned-images/brandon/brandon-54.png
2,aligned-images/brandon/brandon-59.png
2,aligned-images/brandon/brandon-8.png
2,aligned-images/brandon/brandon-181.png
2,aligned-images/brandon/brandon-55.png
2,aligned-images/brandon/brandon-170.png
2,aligned-images/brandon/brandon-joffe-0.png
2,aligned-images/brandon/brandon-61.png
2,aligned-images/brandon/brandon-158.png
2,aligned-images/brandon/brandon-169.png
2,aligned-images/brandon/brandon-63.png
2,aligned-images/brandon/brandon-129.png
2,aligned-images/brandon/brandon-143.png
2,aligned-images/brandon/brandon-166.png
2,aligned-images/brandon/brandon-174.png
2,aligned-images/brandon/brandon-10.png
2,aligned-images/brandon/brandon-30.png
2,aligned-images/brandon/brandon-72.png
2,aligned-images/brandon/brandon-131.png
2,aligned-images/brandon/brandon-139.png
2,aligned-images/brandon/brandon-135.png
2,aligned-images/brandon/brandon-106.png
2,aligned-images/brandon/brandon-176.png
2,aligned-images/brandon/brandon-184.png
3,aligned-images/candice/candice71.png
3,aligned-images/candice/candice156.png
3,aligned-images/candice/candice132.png
3,aligned-images/candice/candice147.png
3,aligned-images/candice/candice121.png
3,aligned-images/candice/candice154.png
3,aligned-images/candice/candice142.png
3,aligned-images/candice/candice148.png
3,aligned-images/candice/candice122.png
3,aligned-images/candice/candice123.png
3,aligned-images/candice/candice155.png
3,aligned-images/candice/candice129.png
3,aligned-images/candice/candice125.png
3,aligned-images/candice/candice124.png
3,aligned-images/candice/candice136.png
3,aligned-images/candice/candice73.png
3,aligned-images/candice/candice86.png
3,aligned-images/candice/candice149.png
3,aligned-images/candice/candice150.png
3,aligned-images/candice/candice145.png
3,aligned-images/candice/candice88.png
3,aligned-images/candice/candice84.png
3,aligned-images/candice/candice153.png
3,aligned-images/candice/candice83.png
3,aligned-images/candice/candice91.png
3,aligned-images/candice/candice90.png
3,aligned-images/candice/candice79.png
3,aligned-images/candice/candice74.png
3,aligned-images/candice/candice158.png
3,aligned-images/candice/candice157.png
3,aligned-images/candice/candice152.png
3,aligned-images/candice/candice93.png
3,aligned-images/candice/candice89.png
3,aligned-images/candice/candice160.png
3,aligned-images/candice/candice77.png
3,aligned-images/candice/candice164.png
3,aligned-images/candice/candice130.png
3,aligned-images/candice/candice144.png
3,aligned-images/candice/candice78.png
3,aligned-images/candice/candice135.png
3,aligned-images/candice/candice87.png
3,aligned-images/candice/candice134.png
3,aligned-images/candice/candice139.png
3,aligned-images/candice/candice127.png
3,aligned-images/candice/candice81.png
3,aligned-images/candice/candice75.png
3,aligned-images/candice/candice133.png
3,aligned-images/candice/candice80.png
3,aligned-images/candice/candice92.png
3,aligned-images/candice/candice137.png
4,aligned-images/jared/jared-13.png
4,aligned-images/jared/jared-34.png
4,aligned-images/jared/jared-63.png
4,aligned-images/jared/jared-11.png
4,aligned-images/jared/jared-4.png
4,aligned-images/jared/jared-57.png
4,aligned-images/jared/jared-50.png
4,aligned-images/jared/jared-47.png
4,aligned-images/jared/jared-41.png
4,aligned-images/jared/jared-43.png
4,aligned-images/jared/jared-31.png
4,aligned-images/jared/jared-58.png
4,aligned-images/jared/jared-8.png
4,aligned-images/jared/jared-53.png
4,aligned-images/jared/jared-29.png
4,aligned-images/jared/jared-42.png
4,aligned-images/jared/jared-5.png
4,aligned-images/jared/jared-33.png
4,aligned-images/jared/jared-16.png
4,aligned-images/jared/jared-22.png
4,aligned-images/jared/jared-9.png
4,aligned-images/jared/jared-1.png
4,aligned-images/jared/jared-19.png
4,aligned-images/jared/jared-30.png
4,aligned-images/jared/jared-44.png
4,aligned-images/jared/jared-35.png
4,aligned-images/jared/jared-39.png
4,aligned-images/jared/jared-25.png
4,aligned-images/jared/jared-23.png
4,aligned-images/jared/jared-20.png
4,aligned-images/jared/jared-37.png
4,aligned-images/jared/jared-27.png
4,aligned-images/jared/jared-52.png
4,aligned-images/jared/jared-40.png
4,aligned-images/jared/jared-18.png
4,aligned-images/jared/jared-51.png
4,aligned-images/jared/jared-56.png
4,aligned-images/jared/jared-61.png
4,aligned-images/jared/jared-46.png
4,aligned-images/jared/jared-12.png
4,aligned-images/jared/jared-7.png
4,aligned-images/jared/jared-10.png
4,aligned-images/jared/jared-38.png
4,aligned-images/jared/jared-15.png
4,aligned-images/jared/jared-64.png
4,aligned-images/jared/jared-36.png
4,aligned-images/jared/jared-59.png
4,aligned-images/jared/jared-26.png
4,aligned-images/jared/jared-32.png
4,aligned-images/jared/jared-49.png
5,aligned-images/jonathan/jonathan-161.png
5,aligned-images/jonathan/jonathan-189.png
5,aligned-images/jonathan/jonathan-205.png
5,aligned-images/jonathan/jonathan-160.png
5,aligned-images/jonathan/jonathan-184.png
5,aligned-images/jonathan/jonathan-147.png
5,aligned-images/jonathan/jonathan-200.png
5,aligned-images/jonathan/jonathan-224.png
5,aligned-images/jonathan/jonathan-163.png
5,aligned-images/jonathan/jonathan-192.png
5,aligned-images/jonathan/jonathan-144.png
5,aligned-images/jonathan/jonathan-217.png
5,aligned-images/jonathan/jonathan-193.png
5,aligned-images/jonathan/jonathan-181.png
5,aligned-images/jonathan/jonathan-153.png
5,aligned-images/jonathan/jonathan-230.png
5,aligned-images/jonathan/jonathan-151.png
5,aligned-images/jonathan/jonathan-196.png
5,aligned-images/jonathan/jonathan-203.png
5,aligned-images/jonathan/jonathan-156.png
5,aligned-images/jonathan/jonathan-159.png
5,aligned-images/jonathan/jonathan-195.png
5,aligned-images/jonathan/jonathan-226.png
5,aligned-images/jonathan/jonathan-140.png
5,aligned-images/jonathan/jonathan-229.png
5,aligned-images/jonathan/jonathan-204.png
5,aligned-images/jonathan/jonathan-206.png
5,aligned-images/jonathan/jonathan-155.png
5,aligned-images/jonathan/jonathan-219.png
5,aligned-images/jonathan/jonathan-146.png
5,aligned-images/jonathan/jonathan-164.png
5,aligned-images/jonathan/jonathan-214.png
5,aligned-images/jonathan/jonathan-209.png
5,aligned-images/jonathan/jonathan-198.png
5,aligned-images/jonathan/jonathan-139.png
5,aligned-images/jonathan/jonathan-143.png
5,aligned-images/jonathan/jonathan-187.png
5,aligned-images/jonathan/jonathan-210.png
5,aligned-images/jonathan/jonathan-202.png
5,aligned-images/jonathan/jonathan-218.png
5,aligned-images/jonathan/jonathan-183.png
5,aligned-images/jonathan/jonathan-211.png
5,aligned-images/jonathan/jonathan-141.png
5,aligned-images/jonathan/jonathan-197.png
5,aligned-images/jonathan/jonathan-158.png
5,aligned-images/jonathan/jonathan-150.png
5,aligned-images/jonathan/jonathan-222.png
5,aligned-images/jonathan/jonathan-201.png
5,aligned-images/jonathan/jonathan-152.png
5,aligned-images/jonathan/jonathan-213.png
6,aligned-images/josh/josh-74.png
6,aligned-images/josh/josh-16.png
6,aligned-images/josh/josh-72.png
6,aligned-images/josh/josh-35.png
6,aligned-images/josh/josh-17.png
6,aligned-images/josh/josh-11.png
6,aligned-images/josh/josh-28.png
6,aligned-images/josh/josh-36.png
6,aligned-images/josh/josh-32.png
6,aligned-images/josh/josh-19.png
6,aligned-images/josh/josh-65.png
6,aligned-images/josh/josh-75.png
6,aligned-images/josh/josh-23.png
6,aligned-images/josh/josh-79.png
6,aligned-images/josh/josh-10.png
6,aligned-images/josh/josh-15.png
6,aligned-images/josh/josh-29.png
6,aligned-images/josh/josh-25.png
6,aligned-images/josh/josh-83.png
6,aligned-images/josh/josh-43.png
6,aligned-images/josh/josh-33.png
6,aligned-images/josh/josh-78.png
6,aligned-images/josh/josh-55.png
6,aligned-images/josh/josh-13.png
6,aligned-images/josh/josh-62.png
6,aligned-images/josh/josh-9.png
6,aligned-images/josh/josh-14.png
6,aligned-images/josh/josh-71.png
6,aligned-images/josh/josh-66.png
6,aligned-images/josh/josh-57.png
6,aligned-images/josh/josh-24.png
6,aligned-images/josh/josh-18.png
6,aligned-images/josh/josh-26.png
6,aligned-images/josh/josh-30.png
6,aligned-images/josh/josh-51.png
6,aligned-images/josh/josh-86.png
6,aligned-images/josh/josh-64.png
6,aligned-images/josh/josh-21.png
6,aligned-images/josh/josh-7.png
6,aligned-images/josh/josh-54.png
6,aligned-images/josh/josh-22.png
6,aligned-images/josh/josh-58.png
6,aligned-images/josh/josh-38.png
6,aligned-images/josh/josh-6.png
6,aligned-images/josh/josh-41.png
6,aligned-images/josh/josh-70.png
6,aligned-images/josh/josh-34.png
6,aligned-images/josh/josh-3.png
6,aligned-images/josh/josh-4.png
6,aligned-images/josh/josh-40.png
7,aligned-images/martine/martine43.png
7,aligned-images/martine/martine75.png
7,aligned-images/martine/martine17.png
7,aligned-images/martine/martine67.png
7,aligned-images/martine/martine31.png
7,aligned-images/martine/martine8.png
7,aligned-images/martine/martine26.png
7,aligned-images/martine/martine16.png
7,aligned-images/martine/martine6.png
7,aligned-images/martine/martine74.png
7,aligned-images/martine/martine32.png
7,aligned-images/martine/martine59.png
7,aligned-images/martine/martine23.png
7,aligned-images/martine/martine66.png
7,aligned-images/martine/martine46.png
7,aligned-images/martine/martine72.png
7,aligned-images/martine/martine60.png
7,aligned-images/martine/martine52.png
7,aligned-images/martine/martine19.png
7,aligned-images/martine/martine37.png
7,aligned-images/martine/martine70.png
7,aligned-images/martine/martine57.png
7,aligned-images/martine/martine29.png
7,aligned-images/martine/martine13.png
7,aligned-images/martine/martine14.png
7,aligned-images/martine/martine24.png
7,aligned-images/martine/martine55.png
7,aligned-images/martine/martine63.png
7,aligned-images/martine/martine25.png
7,aligned-images/martine/martine5.png
7,aligned-images/martine/martine30.png
7,aligned-images/martine/martine7.png
7,aligned-images/martine/martine11.png
7,aligned-images/martine/martine44.png
7,aligned-images/martine/martine9.png
7,aligned-images/martine/martine58.png
7,aligned-images/martine/martine49.png
7,aligned-images/martine/martine27.png
7,aligned-images/martine/martine28.png
7,aligned-images/martine/martine38.png
7,aligned-images/martine/martine48.png
7,aligned-images/martine/martine39.png
7,aligned-images/martine/martine53.png
7,aligned-images/martine/martine42.png
7,aligned-images/martine/martine65.png
7,aligned-images/martine/martine40.png
7,aligned-images/martine/martine73.png
7,aligned-images/martine/martine61.png
7,aligned-images/martine/martine18.png
7,aligned-images/martine/martine69.png
8,aligned-images/michelle/michelle62.png
8,aligned-images/michelle/michelle123.png
8,aligned-images/michelle/michelle54.png
8,aligned-images/michelle/michelle117.png
8,aligned-images/michelle/michelle57.png
8,aligned-images/michelle/michelle-50.png
8,aligned-images/michelle/michelle92.png
8,aligned-images/michelle/michelle38.png
8,aligned-images/michelle/michelle-53.png
8,aligned-images/michelle/michelle108.png
8,aligned-images/michelle/michelle78.png
8,aligned-images/michelle/michelle-51.png
8,aligned-images/michelle/michelle91.png
8,aligned-images/michelle/michelle114.png
8,aligned-images/michelle/michelle89.png
8,aligned-images/michelle/michelle-52.png
8,aligned-images/michelle/michelle111.png
8,aligned-images/michelle/michelle72.png
8,aligned-images/michelle/michelle36.png
8,aligned-images/michelle/michelle128.png
8,aligned-images/michelle/michelle88.png
8,aligned-images/michelle/michelle109.png
8,aligned-images/michelle/michelle107.png
8,aligned-images/michelle/michelle121.png
8,aligned-images/michelle/michelle44.png
8,aligned-images/michelle/michelle70.png
8,aligned-images/michelle/michelle97.png
8,aligned-images/michelle/michelle66.png
8,aligned-images/michelle/michelle115.png
8,aligned-images/michelle/michelle42.png
8,aligned-images/michelle/michelle58.png
8,aligned-images/michelle/michelle35.png
8,aligned-images/michelle/michelle95.png
8,aligned-images/michelle/michelle49.png
8,aligned-images/michelle/michelle93.png
8,aligned-images/michelle/michelle86.png
8,aligned-images/michelle/michelle43.png
8,aligned-images/michelle/michelle40.png
8,aligned-images/michelle/michelle113.png
8,aligned-images/michelle/michelle103.png
8,aligned-images/michelle/michelle99.png
8,aligned-images/michelle/michelle73.png
8,aligned-images/michelle/michelle77.png
8,aligned-images/michelle/michelle82.png
8,aligned-images/michelle/michelle84.png
8,aligned-images/michelle/michelle56.png
8,aligned-images/michelle/michelle55.png
8,aligned-images/michelle/michelle96.png
8,aligned-images/michelle/michelle79.png
8,aligned-images/michelle/michelle45.png
8,aligned-images/michelle/michelle100.png
8,aligned-images/michelle/michelle125.png
8,aligned-images/michelle/michelle46.png
8,aligned-images/michelle/michelle122.png
9,aligned-images/robbie/robbie-163.png
9,aligned-images/robbie/robbie-86.png
9,aligned-images/robbie/robbie-170.png
9,aligned-images/robbie/robbie-140.png
9,aligned-images/robbie/robbie-68.png
9,aligned-images/robbie/robbie-121.png
9,aligned-images/robbie/robbie-62.png
9,aligned-images/robbie/robbie-41.png
9,aligned-images/robbie/robbie-45.png
9,aligned-images/robbie/robbie-154.png
9,aligned-images/robbie/robbie-49.png
9,aligned-images/robbie/robbie91.png
9,aligned-images/robbie/robbie-96.png
9,aligned-images/robbie/robbie-171.png
9,aligned-images/robbie/robbie-99.png
9,aligned-images/robbie/robbie-55.png
9,aligned-images/robbie/robbie-161.png
9,aligned-images/robbie/robbie-109.png
9,aligned-images/robbie/robbie-168.png
9,aligned-images/robbie/robbie-102.png
9,aligned-images/robbie/robbie-152.png
9,aligned-images/robbie/robbie-127.png
9,aligned-images/robbie/robbie-149.png
9,aligned-images/robbie/robbie-146.png
9,aligned-images/robbie/robbie-167.png
9,aligned-images/robbie/robbie-42.png
9,aligned-images/robbie/robbie-57.png
9,aligned-images/robbie/robbie-159.png
9,aligned-images/robbie/robbie-124.png
9,aligned-images/robbie/robbie112.png
9,aligned-images/robbie/robbie-160.png
9,aligned-images/robbie/robbie-166.png
9,aligned-images/robbie/robbie-90.png
9,aligned-images/robbie/robbie-145.png
9,aligned-images/robbie/robbie99.png
9,aligned-images/robbie/robbie-92.png
9,aligned-images/robbie/robbie-141.png
9,aligned-images/robbie/robbie-74.png
9,aligned-images/robbie/robbie-60.png
9,aligned-images/robbie/robbie-131.png
9,aligned-images/robbie/robbie-89.png
9,aligned-images/robbie/robbie-72.png
9,aligned-images/robbie/robbie-48.png
9,aligned-images/robbie/robbie-52.png
9,aligned-images/robbie/robbie-164.png
9,aligned-images/robbie/robbie95.png
9,aligned-images/robbie/robbie-82.png
9,aligned-images/robbie/robbie92.png
9,aligned-images/robbie/robbie-97.png
9,aligned-images/robbie/robbie-59.png
10,aligned-images/shane/shane130.png
10,aligned-images/shane/shane72.png
10,aligned-images/shane/shane101.png
10,aligned-images/shane/shane102.png
10,aligned-images/shane/shane43.png
10,aligned-images/shane/shane137.png
10,aligned-images/shane/shane46.png
10,aligned-images/shane/shane66.png
10,aligned-images/shane/shane50.png
10,aligned-images/shane/shane90.png
10,aligned-images/shane/shane120.png
10,aligned-images/shane/shane55.png
10,aligned-images/shane/shane60.png
10,aligned-images/shane/shane133.png
10,aligned-images/shane/shane122.png
10,aligned-images/shane/shane52.png
10,aligned-images/shane/shane91.png
10,aligned-images/shane/shane38.png
10,aligned-images/shane/shane56.png
10,aligned-images/shane/shane139.png
10,aligned-images/shane/shane39.png
10,aligned-images/shane/shane40.png
10,aligned-images/shane/shane59.png
10,aligned-images/shane/shane51.png
10,aligned-images/shane/shane126.png
10,aligned-images/shane/shane44.png
10,aligned-images/shane/shane84.png
10,aligned-images/shane/shane54.png
10,aligned-images/shane/shane96.png
10,aligned-images/shane/shane86.png
10,aligned-images/shane/shane45.png
10,aligned-images/shane/shane62.png
10,aligned-images/shane/shane127.png
10,aligned-images/shane/shane118.png
10,aligned-images/shane/shane78.png
10,aligned-images/shane/shane105.png
10,aligned-images/shane/shane95.png
10,aligned-images/shane/shane53.png
10,aligned-images/shane/shane42.png
10,aligned-images/shane/shane125.png
10,aligned-images/shane/shane108.png
10,aligned-images/shane/shane75.png
10,aligned-images/shane/shane61.png
10,aligned-images/shane/shane116.png
10,aligned-images/shane/shane65.png
10,aligned-images/shane/shane48.png
10,aligned-images/shane/shane47.png
10,aligned-images/shane/shane58.png
10,aligned-images/shane/shane110.png
10,aligned-images/shane/shane49.png
11,aligned-images/sheila/sheilla73.png
11,aligned-images/sheila/sheilla3.png
11,aligned-images/sheila/sheilla49.png
11,aligned-images/sheila/sheilla42.png
11,aligned-images/sheila/sheilla86.png
11,aligned-images/sheila/sheilla22.png
11,aligned-images/sheila/sheilla27.png
11,aligned-images/sheila/sheilla63.png
11,aligned-images/sheila/sheilla92.png
11,aligned-images/sheila/sheilla2.png
11,aligned-images/sheila/sheilla70.png
11,aligned-images/sheila/sheilla65.png
11,aligned-images/sheila/sheilla31.png
11,aligned-images/sheila/sheilla50.png
11,aligned-images/sheila/sheilla37.png
11,aligned-images/sheila/sheilla8.png
11,aligned-images/sheila/sheilla76.png
11,aligned-images/sheila/sheilla34.png
11,aligned-images/sheila/sheilla47.png
11,aligned-images/sheila/sheilla33.png
11,aligned-images/sheila/sheilla57.png
11,aligned-images/sheila/sheilla62.png
11,aligned-images/sheila/sheilla64.png
11,aligned-images/sheila/sheilla1.png
11,aligned-images/sheila/sheilla28.png
11,aligned-images/sheila/sheilla45.png
11,aligned-images/sheila/sheilla6.png
11,aligned-images/sheila/sheilla25.png
11,aligned-images/sheila/sheilla82.png
11,aligned-images/sheila/sheilla60.png
11,aligned-images/sheila/sheilla69.png
11,aligned-images/sheila/sheilla89.png
11,aligned-images/sheila/sheilla87.png
11,aligned-images/sheila/sheilla77.png
11,aligned-images/sheila/sheilla75.png
11,aligned-images/sheila/sheilla78.png
11,aligned-images/sheila/sheilla80.png
11,aligned-images/sheila/sheilla84.png
11,aligned-images/sheila/sheilla9.png
11,aligned-images/sheila/sheilla7.png
11,aligned-images/sheila/sheilla23.png
11,aligned-images/sheila/sheilla10.png
11,aligned-images/sheila/sheilla72.png
11,aligned-images/sheila/sheilla52.png
11,aligned-images/sheila/sheilla16.png
11,aligned-images/sheila/sheilla40.png
11,aligned-images/sheila/sheilla4.png
11,aligned-images/sheila/sheilla59.png
11,aligned-images/sheila/sheilla5.png
11,aligned-images/sheila/sheilla66.png
12,aligned-images/stan/stan-152.png
12,aligned-images/stan/stan-18.png
12,aligned-images/stan/stan-124.png
12,aligned-images/stan/stan-102.png
12,aligned-images/stan/stan-156.png
12,aligned-images/stan/stan-34.png
12,aligned-images/stan/stan-128.png
12,aligned-images/stan/stan-46.png
12,aligned-images/stan/stan-131.png
12,aligned-images/stan/stan-16.png
12,aligned-images/stan/stan-26.png
12,aligned-images/stan/stan-108.png
12,aligned-images/stan/stan-111.png
12,aligned-images/stan/stan-99.png
12,aligned-images/stan/stan-114.png
12,aligned-images/stan/stan-137.png
12,aligned-images/stan/stan-42.png
12,aligned-images/stan/stan-12.png
12,aligned-images/stan/stan-133.png
12,aligned-images/stan/stan-118.png
12,aligned-images/stan/stan-125.png
12,aligned-images/stan/stan-142.png
12,aligned-images/stan/stan-165.png
12,aligned-images/stan/stan-78.png
12,aligned-images/stan/stan-140.png
12,aligned-images/stan/stan-161.png
12,aligned-images/stan/stan-51.png
12,aligned-images/stan/stan-32.png
12,aligned-images/stan/stan-85.png
12,aligned-images/stan/stan-3.png
12,aligned-images/stan/stan-15.png
12,aligned-images/stan/stan-144.png
12,aligned-images/stan/stan-5.png
12,aligned-images/stan/stan-50.png
12,aligned-images/stan/stan-139.png
12,aligned-images/stan/stan-9.png
12,aligned-images/stan/stan-129.png
12,aligned-images/stan/stan-101.png
12,aligned-images/stan/stan-92.png
12,aligned-images/stan/stan-153.png
12,aligned-images/stan/stan-29.png
12,aligned-images/stan/stan-17.png
12,aligned-images/stan/stan-112.png
12,aligned-images/stan/stan-123.png
12,aligned-images/stan/stan-107.png
12,aligned-images/stan/stan-14.png
12,aligned-images/stan/stan-36.png
12,aligned-images/stan/stan-52.png
12,aligned-images/stan/stan-117.png
12,aligned-images/stan/stan-7.png
12,aligned-images/stan/stan-159.png
12,aligned-images/stan/stan-155.png
13,aligned-images/steven/steven-8.png
13,aligned-images/steven/steven-58.png
13,aligned-images/steven/steven-41.png
13,aligned-images/steven/steven-14.png
13,aligned-images/steven/steven-6.png
13,aligned-images/steven/steven-70.png
13,aligned-images/steven/steven-10.png
13,aligned-images/steven/steven-62.png
13,aligned-images/steven/steven-48.png
13,aligned-images/steven/steven-65.png
13,aligned-images/steven/steven-57.png
13,aligned-images/steven/steven-43.png
13,aligned-images/steven/steven-54.png
13,aligned-images/steven/steven-44.png
13,aligned-images/steven/steven-20.png
13,aligned-images/steven/steven-31.png
13,aligned-images/steven/steven-46.png
13,aligned-images/steven/steven-4.png
13,aligned-images/steven/steven-59.png
13,aligned-images/steven/steven-2.png
13,aligned-images/steven/steven-34.png
13,aligned-images/steven/steven-37.png
13,aligned-images/steven/steven-9.png
13,aligned-images/steven/steven-21.png
13,aligned-images/steven/steven-19.png
13,aligned-images/steven/steven-40.png
13,aligned-images/steven/steven-25.png
13,aligned-images/steven/steven-24.png
13,aligned-images/steven/steven-53.png
13,aligned-images/steven/steven-28.png
13,aligned-images/steven/steven-5.png
13,aligned-images/steven/steven-15.png
13,aligned-images/steven/steven-23.png
13,aligned-images/steven/steven-38.png
13,aligned-images/steven/steven-7.png
13,aligned-images/steven/steven-16.png
13,aligned-images/steven/steven-33.png
13,aligned-images/steven/steven-32.png
13,aligned-images/steven/steven-49.png
13,aligned-images/steven/steven-1.png
13,aligned-images/steven/steven-72.png
13,aligned-images/steven/steven-3.png
13,aligned-images/steven/steven-27.png
13,aligned-images/steven/steven-29.png
13,aligned-images/steven/steven-26.png
13,aligned-images/steven/steven-64.png
13,aligned-images/steven/steven-18.png
13,aligned-images/steven/steven-47.png
13,aligned-images/steven/steven-35.png
13,aligned-images/steven/steven-50.png
14,aligned-images/surelda/surelda50.png
14,aligned-images/surelda/surelda23.png
14,aligned-images/surelda/surelda20.png
14,aligned-images/surelda/surelda68.png
14,aligned-images/surelda/surelda26.png
14,aligned-images/surelda/surelda30.png
14,aligned-images/surelda/surelda28.png
14,aligned-images/surelda/surelda4.png
14,aligned-images/surelda/surelda41.png
14,aligned-images/surelda/surelda33.png
14,aligned-images/surelda/surelda9.png
14,aligned-images/surelda/surelda13.png
14,aligned-images/surelda/surelda10.png
14,aligned-images/surelda/surelda53.png
14,aligned-images/surelda/surelda21.png
14,aligned-images/surelda/surelda12.png
14,aligned-images/surelda/surelda46.png
14,aligned-images/surelda/surelda44.png
14,aligned-images/surelda/surelda27.png
14,aligned-images/surelda/surelda17.png
14,aligned-images/surelda/surelda8.png
14,aligned-images/surelda/surelda18.png
14,aligned-images/surelda/surelda24.png
14,aligned-images/surelda/surelda67.png
14,aligned-images/surelda/surelda2.png
14,aligned-images/surelda/surelda7.png
14,aligned-images/surelda/surelda22.png
14,aligned-images/surelda/surelda57.png
14,aligned-images/surelda/surelda70.png
14,aligned-images/surelda/surelda16.png
14,aligned-images/surelda/surelda42.png
14,aligned-images/surelda/surelda1.png
14,aligned-images/surelda/surelda59.png
14,aligned-images/surelda/surelda51.png
14,aligned-images/surelda/surelda61.png
14,aligned-images/surelda/surelda35.png
14,aligned-images/surelda/surelda45.png
14,aligned-images/surelda/surelda55.png
14,aligned-images/surelda/surelda34.png
14,aligned-images/surelda/surelda19.png
14,aligned-images/surelda/surelda69.png
14,aligned-images/surelda/surelda6.png
14,aligned-images/surelda/surelda58.png
14,aligned-images/surelda/surelda56.png
14,aligned-images/surelda/surelda31.png
14,aligned-images/surelda/surelda74.png
14,aligned-images/surelda/surelda49.png
14,aligned-images/surelda/surelda25.png
14,aligned-images/surelda/surelda15.png
14,aligned-images/surelda/surelda52.png
15,aligned-images/tracy/tracy35.png
15,aligned-images/tracy/tracy85.png
15,aligned-images/tracy/tracy13.png
15,aligned-images/tracy/tracy68.png
15,aligned-images/tracy/tracy18.png
15,aligned-images/tracy/tracy81.png
15,aligned-images/tracy/tracy71.png
15,aligned-images/tracy/tracy25.png
15,aligned-images/tracy/tracy61.png
15,aligned-images/tracy/tracy5.png
15,aligned-images/tracy/tracy38.png
15,aligned-images/tracy/tracy73.png
15,aligned-images/tracy/tracy42.png
15,aligned-images/tracy/tracy8.png
15,aligned-images/tracy/tracy59.png
15,aligned-images/tracy/tracy70.png
15,aligned-images/tracy/tracy63.png
15,aligned-images/tracy/tracy10.png
15,aligned-images/tracy/tracy76.png
15,aligned-images/tracy/tracy60.png
15,aligned-images/tracy/tracy84.png
15,aligned-images/tracy/tracy24.png
15,aligned-images/tracy/tracy77.png
15,aligned-images/tracy/tracy47.png
15,aligned-images/tracy/tracy74.png
15,aligned-images/tracy/tracy82.png
15,aligned-images/tracy/tracy49.png
15,aligned-images/tracy/tracy15.png
15,aligned-images/tracy/tracy65.png
15,aligned-images/tracy/tracy46.png
15,aligned-images/tracy/tracy78.png
15,aligned-images/tracy/tracy40.png
15,aligned-images/tracy/tracy7.png
15,aligned-images/tracy/tracy80.png
15,aligned-images/tracy/tracy58.png
15,aligned-images/tracy/tracy64.png
15,aligned-images/tracy/tracy54.png
15,aligned-images/tracy/tracy43.png
15,aligned-images/tracy/tracy56.png
15,aligned-images/tracy/tracy50.png
15,aligned-images/tracy/tracy11.png
15,aligned-images/tracy/tracy86.png
15,aligned-images/tracy/tracy36.png
15,aligned-images/tracy/tracy31.png
15,aligned-images/tracy/tracy75.png
15,aligned-images/tracy/tracy62.png
15,aligned-images/tracy/tracy87.png
15,aligned-images/tracy/tracy69.png
15,aligned-images/tracy/tracy32.png
15,aligned-images/tracy/tracy55.png
16,aligned-images/unknown/9-04.png
16,aligned-images/unknown/34-06.png
16,aligned-images/unknown/41-08.png
16,aligned-images/unknown/18-06.png
16,aligned-images/unknown/17-02.png
16,aligned-images/unknown/50-08.png
16,aligned-images/unknown/45-11.png
16,aligned-images/unknown/19-04.png
16,aligned-images/unknown/38-11.png
16,aligned-images/unknown/40-06.png
16,aligned-images/unknown/46-11.png
16,aligned-images/unknown/44-03.png
16,aligned-images/unknown/18-03.png
16,aligned-images/unknown/40-01.png
16,aligned-images/unknown/23-12.png
16,aligned-images/unknown/47-06.png
16,aligned-images/unknown/22-07.png
16,aligned-images/unknown/45-02.png
16,aligned-images/unknown/28-02.png
16,aligned-images/unknown/50-01.png
16,aligned-images/unknown/21-05.png
16,aligned-images/unknown/42-02.png
16,aligned-images/unknown/27-11.png
16,aligned-images/unknown/14-02.png
16,aligned-images/unknown/24-03.png
16,aligned-images/unknown/40-09.png
16,aligned-images/unknown/29-05.png
16,aligned-images/unknown/10-08.png
16,aligned-images/unknown/43-12.png
16,aligned-images/unknown/43-03.png
16,aligned-images/unknown/25-05.png
16,aligned-images/unknown/20-05.png
16,aligned-images/unknown/38-08.png
16,aligned-images/unknown/23-06.png
16,aligned-images/unknown/37-04.png
16,aligned-images/unknown/10-13.png
16,aligned-images/unknown/40-07.png
16,aligned-images/unknown/35-04.png
16,aligned-images/unknown/42-14.png
16,aligned-images/unknown/17-12.png
16,aligned-images/unknown/30-12.png
16,aligned-images/unknown/36-01.png
16,aligned-images/unknown/21-09.png
16,aligned-images/unknown/9-01.png
16,aligned-images/unknown/35-05.png
16,aligned-images/unknown/38-06.png
16,aligned-images/unknown/49-02.png
16,aligned-images/unknown/24-14.png
16,aligned-images/unknown/30-05.png
16,aligned-images/unknown/22-02.png
16,aligned-images/unknown/46-02.png
16,aligned-images/unknown/10-01.png
16,aligned-images/unknown/27-02.png
16,aligned-images/unknown/36-02.png
16,aligned-images/unknown/45-12.png
16,aligned-images/unknown/48-09.png
16,aligned-images/unknown/29-09.png
16,aligned-images/unknown/28-01.png
16,aligned-images/unknown/40-14.png
16,aligned-images/unknown/38-12.png
16,aligned-images/unknown/22-14.png
16,aligned-images/unknown/16-09.png
16,aligned-images/unknown/18-04.png
16,aligned-images/unknown/49-03.png
16,aligned-images/unknown/45-05.png
16,aligned-images/unknown/26-09.png
16,aligned-images/unknown/26-08.png
16,aligned-images/unknown/40-02.png
16,aligned-images/unknown/21-07.png
16,aligned-images/unknown/10-05.png
16,aligned-images/unknown/48-08.png
16,aligned-images/unknown/39-01.png
16,aligned-images/unknown/49-12.png
16,aligned-images/unknown/48-02.png
16,aligned-images/unknown/36-04.png
16,aligned-images/unknown/49-04.png
16,aligned-images/unknown/25-04.png
16,aligned-images/unknown/37-02.png
16,aligned-images/unknown/19-11.png
16,aligned-images/unknown/31-07.png
16,aligned-images/unknown/38-04.png
16,aligned-images/unknown/41-03.png
16,aligned-images/unknown/9-12.png
16,aligned-images/unknown/37-11.png
16,aligned-images/unknown/47-04.png
16,aligned-images/unknown/43-02.png
16,aligned-images/unknown/29-11.png
16,aligned-images/unknown/13-03.png
16,aligned-images/unknown/41-01.png
16,aligned-images/unknown/42-05.png
16,aligned-images/unknown/27-01.png
16,aligned-images/unknown/36-12.png
16,aligned-images/unknown/31-13.png
16,aligned-images/unknown/45-10.png
16,aligned-images/unknown/26-06.png
16,aligned-images/unknown/30-07.png
16,aligned-images/unknown/29-08.png
16,aligned-images/unknown/34-09.png
16,aligned-images/unknown/13-11.png
16,aligned-images/unknown/16-11.png
16,aligned-images/unknown/31-08.png
16,aligned-images/unknown/45-09.png
16,aligned-images/unknown/39-03.png
16,aligned-images/unknown/16-07.png
16,aligned-images/unknown/32-04.png
16,aligned-images/unknown/50-02.png
16,aligned-images/unknown/23-09.png
16,aligned-images/unknown/25-13.png
16,aligned-images/unknown/31-02.png
16,aligned-images/unknown/13-06.png
16,aligned-images/unknown/32-02.png
16,aligned-images/unknown/42-04.png
16,aligned-images/unknown/39-10.png
16,aligned-images/unknown/27-12.png
16,aligned-images/unknown/23-14.png
16,aligned-images/unknown/41-06.png
16,aligned-images/unknown/21-13.png
16,aligned-images/unknown/27-05.png
16,aligned-images/unknown/26-10.png
16,aligned-images/unknown/13-13.png
16,aligned-images/unknown/37-12.png
16,aligned-images/unknown/45-03.png
16,aligned-images/unknown/27-13.png
16,aligned-images/unknown/30-09.png
16,aligned-images/unknown/33-02.png
16,aligned-images/unknown/27-08.png
16,aligned-images/unknown/17-13.png
16,aligned-images/unknown/28-09.png
16,aligned-images/unknown/34-14.png
16,aligned-images/unknown/42-13.png
16,aligned-images/unknown/49-11.png
16,aligned-images/unknown/30-11.png
16,aligned-images/unknown/34-04.png
16,aligned-images/unknown/21-11.png
16,aligned-images/unknown/40-04.png
16,aligned-images/unknown/23-11.png
16,aligned-images/unknown/49-13.png
16,aligned-images/unknown/31-06.png
16,aligned-images/unknown/20-08.png
16,aligned-images/unknown/47-01.png
16,aligned-images/unknown/19-13.png
16,aligned-images/unknown/34-13.png
16,aligned-images/unknown/45-08.png
16,aligned-images/unknown/28-04.png
16,aligned-images/unknown/31-11.png
16,aligned-images/unknown/50-06.png
16,aligned-images/unknown/28-12.png
16,aligned-images/unknown/48-06.png
16,aligned-images/unknown/34-02.png
16,aligned-images/unknown/29-13.png
16,aligned-images/unknown/21-14.png
16,aligned-images/unknown/41-12.png
16,aligned-images/unknown/17-14.png
16,aligned-images/unknown/10-02.png
16,aligned-images/unknown/18-01.png
16,aligned-images/unknown/16-12.png
16,aligned-images/unknown/34-07.png
16,aligned-images/unknown/22-04.png
16,aligned-images/unknown/10-11.png
16,aligned-images/unknown/19-06.png
16,aligned-images/unknown/9-09.png
16,aligned-images/unknown/22-12.png
16,aligned-images/unknown/35-12.png
16,aligned-images/unknown/9-06.png
16,aligned-images/unknown/26-13.png
16,aligned-images/unknown/13-14.png
16,aligned-images/unknown/30-02.png
16,aligned-images/unknown/22-06.png
16,aligned-images/unknown/44-14.png
16,aligned-images/unknown/39-07.png
16,aligned-images/unknown/49-10.png
16,aligned-images/unknown/27-06.png
16,aligned-images/unknown/36-03.png
16,aligned-images/unknown/47-03.png
16,aligned-images/unknown/47-13.png
16,aligned-images/unknown/48-01.png
16,aligned-images/unknown/26-11.png
16,aligned-images/unknown/35-09.png
16,aligned-images/unknown/23-10.png
16,aligned-images/unknown/24-02.png
16,aligned-images/unknown/37-13.png
16,aligned-images/unknown/33-13.png
16,aligned-images/unknown/37-07.png
16,aligned-images/unknown/29-02.png
16,aligned-images/unknown/29-14.png
16,aligned-images/unknown/31-04.png
16,aligned-images/unknown/43-13.png
16,aligned-images/unknown/40-05.png
16,aligned-images/unknown/33-05.png
16,aligned-images/unknown/17-09.png
16,aligned-images/unknown/49-07.png
16,aligned-images/unknown/40-13.png
16,aligned-images/unknown/28-14.png
16,aligned-images/unknown/33-03.png
16,aligned-images/unknown/23-08.png
16,aligned-images/unknown/35-02.png
16,aligned-images/unknown/9-05.png
16,aligned-images/unknown/32-03.png
16,aligned-images/unknown/29-06.png
16,aligned-images/unknown/26-14.png
16,aligned-images/unknown/33-07.png
16,aligned-images/unknown/35-13.png
16,aligned-images/unknown/31-03.png
16,aligned-images/unknown/8-10.png
16,aligned-images/unknown/48-11.png
16,aligned-images/unknown/47-09.png
16,aligned-images/unknown/32-05.png
16,aligned-images/unknown/13-05.png
16,aligned-images/unknown/49-06.png
16,aligned-images/unknown/45-07.png
16,aligned-images/unknown/13-09.png
16,aligned-images/unknown/20-03.png
16,aligned-images/unknown/29-01.png
16,aligned-images/unknown/50-05.png
16,aligned-images/unknown/26-05.png
16,aligned-images/unknown/19-08.png
16,aligned-images/unknown/27-04.png
16,aligned-images/unknown/8-13.png
16,aligned-images/unknown/25-02.png
16,aligned-images/unknown/42-07.png
16,aligned-images/unknown/38-09.png
16,aligned-images/unknown/45-04.png
16,aligned-images/unknown/19-02.png
16,aligned-images/unknown/20-11.png
16,aligned-images/unknown/16-06.png
16,aligned-images/unknown/13-04.png
16,aligned-images/unknown/50-04.png
16,aligned-images/unknown/24-12.png
16,aligned-images/unknown/48-10.png
16,aligned-images/unknown/18-02.png
16,aligned-images/unknown/25-14.png
16,aligned-images/unknown/8-14.png
16,aligned-images/unknown/10-14.png
16,aligned-images/unknown/48-12.png
16,aligned-images/unknown/24-06.png
16,aligned-images/unknown/32-11.png
16,aligned-images/unknown/16-01.png
16,aligned-images/unknown/17-07.png
16,aligned-images/unknown/45-14.png
16,aligned-images/unknown/48-04.png
16,aligned-images/unknown/26-02.png
16,aligned-images/unknown/20-13.png
16,aligned-images/unknown/44-02.png
16,aligned-images/unknown/32-06.png
16,aligned-images/unknown/19-05.png
16,aligned-images/unknown/26-01.png
16,aligned-images/unknown/42-01.png
16,aligned-images/unknown/14-04.png
16,aligned-images/unknown/9-08.png
16,aligned-images/unknown/39-14.png
16,aligned-images/unknown/13-07.png
16,aligned-images/unknown/24-13.png
16,aligned-images/unknown/44-08.png
16,aligned-images/unknown/34-12.png
16,aligned-images/unknown/40-11.png
16,aligned-images/unknown/18-09.png
16,aligned-images/unknown/36-06.png
16,aligned-images/unknown/10-07.png
16,aligned-images/unknown/30-10.png
16,aligned-images/unknown/43-07.png
16,aligned-images/unknown/8-11.png
16,aligned-images/unknown/21-04.png
16,aligned-images/unknown/21-02.png
16,aligned-images/unknown/44-01.png
16,aligned-images/unknown/28-05.png
16,aligned-images/unknown/18-12.png
16,aligned-images/unknown/25-10.png
16,aligned-images/unknown/9-03.png
16,aligned-images/unknown/8-05.png
16,aligned-images/unknown/43-14.png
16,aligned-images/unknown/34-05.png
16,aligned-images/unknown/28-07.png
16,aligned-images/unknown/19-03.png
16,aligned-images/unknown/28-08.png
16,aligned-images/unknown/24-08.png
16,aligned-images/unknown/26-07.png
16,aligned-images/unknown/44-06.png
16,aligned-images/unknown/10-12.png
16,aligned-images/unknown/14-11.png
16,aligned-images/unknown/9-11.png
16,aligned-images/unknown/39-04.png
16,aligned-images/unknown/24-07.png
16,aligned-images/unknown/35-11.png
16,aligned-images/unknown/16-03.png
16,aligned-images/unknown/22-08.png
16,aligned-images/unknown/16-14.png
16,aligned-images/unknown/25-01.png
16,aligned-images/unknown/29-04.png
16,aligned-images/unknown/28-13.png
16,aligned-images/unknown/41-14.png
16,aligned-images/unknown/23-05.png
16,aligned-images/unknown/42-11.png
16,aligned-images/unknown/37-01.png
16,aligned-images/unknown/32-09.png
16,aligned-images/unknown/29-12.png
16,aligned-images/unknown/41-02.png
16,aligned-images/unknown/38-01.png
16,aligned-images/unknown/36-07.png
16,aligned-images/unknown/19-07.png
16,aligned-images/unknown/20-04.png
16,aligned-images/unknown/23-07.png
16,aligned-images/unknown/32-07.png
16,aligned-images/unknown/33-01.png
16,aligned-images/unknown/46-03.png
16,aligned-images/unknown/43-08.png
16,aligned-images/unknown/25-03.png
16,aligned-images/unknown/10-09.png
16,aligned-images/unknown/30-14.png
16,aligned-images/unknown/14-05.png
16,aligned-images/unknown/21-01.png
16,aligned-images/unknown/8-12.png
16,aligned-images/unknown/23-02.png
16,aligned-images/unknown/19-14.png
16,aligned-images/unknown/20-07.png
16,aligned-images/unknown/42-12.png
16,aligned-images/unknown/8-02.png
16,aligned-images/unknown/36-11.png
16,aligned-images/unknown/34-08.png
16,aligned-images/unknown/36-10.png
16,aligned-images/unknown/8-08.png
16,aligned-images/unknown/37-08.png
16,aligned-images/unknown/47-08.png
16,aligned-images/unknown/16-02.png
16,aligned-images/unknown/45-13.png
16,aligned-images/unknown/23-04.png
16,aligned-images/unknown/47-02.png
16,aligned-images/unknown/25-09.png
16,aligned-images/unknown/50-03.png
16,aligned-images/unknown/30-08.png
16,aligned-images/unknown/31-05.png
16,aligned-images/unknown/22-05.png
16,aligned-images/unknown/33-09.png
16,aligned-images/unknown/21-03.png
16,aligned-images/unknown/14-08.png
16,aligned-images/unknown/28-03.png
16,aligned-images/unknown/33-04.png
16,aligned-images/unknown/43-06.png
16,aligned-images/unknown/20-01.png
16,aligned-images/unknown/39-11.png
16,aligned-images/unknown/18-14.png
16,aligned-images/unknown/8-06.png
16,aligned-images/unknown/37-03.png
16,aligned-images/unknown/44-05.png
16,aligned-images/unknown/23-13.png
16,aligned-images/unknown/14-01.png
16,aligned-images/unknown/14-06.png
16,aligned-images/unknown/27-03.png
16,aligned-images/unknown/49-05.png
16,aligned-images/unknown/17-01.png
16,aligned-images/unknown/9-07.png
16,aligned-images/unknown/34-11.png
16,aligned-images/unknown/27-07.png
16,aligned-images/unknown/35-07.png
16,aligned-images/unknown/35-06.png
16,aligned-images/unknown/42-03.png
16,aligned-images/unknown/46-08.png
16,aligned-images/unknown/31-14.png
16,aligned-images/unknown/49-01.png
16,aligned-images/unknown/18-08.png
16,aligned-images/unknown/17-11.png
16,aligned-images/unknown/46-05.png
16,aligned-images/unknown/40-08.png
16,aligned-images/unknown/46-07.png
16,aligned-images/unknown/20-02.png
16,aligned-images/unknown/35-14.png
16,aligned-images/unknown/25-06.png
16,aligned-images/unknown/41-05.png
16,aligned-images/unknown/8-07.png
16,aligned-images/unknown/18-11.png
16,aligned-images/unknown/33-12.png
16,aligned-images/unknown/45-01.png
16,aligned-images/unknown/21-08.png
16,aligned-images/unknown/46-06.png
16,aligned-images/unknown/38-02.png
16,aligned-images/unknown/8-01.png
16,aligned-images/unknown/32-01.png
16,aligned-images/unknown/39-08.png
16,aligned-images/unknown/22-03.png
16,aligned-images/unknown/50-13.png
16,aligned-images/unknown/50-07.png
16,aligned-images/unknown/40-03.png
16,aligned-images/unknown/33-08.png
16,aligned-images/unknown/32-08.png
16,aligned-images/unknown/44-04.png
16,aligned-images/unknown/39-12.png
16,aligned-images/unknown/31-09.png
16,aligned-images/unknown/44-12.png
16,aligned-images/unknown/20-12.png
16,aligned-images/unknown/23-03.png
16,aligned-images/unknown/46-12.png
16,aligned-images/unknown/25-12.png
16,aligned-images/unknown/24-11.png
16,aligned-images/unknown/25-08.png
16,aligned-images/unknown/43-01.png
16,aligned-images/unknown/24-04.png
16,aligned-images/unknown/50-12.png
16,aligned-images/unknown/47-05.png
16,aligned-images/unknown/9-13.png
16,aligned-images/unknown/41-13.png
16,aligned-images/unknown/18-05.png
16,aligned-images/unknown/46-13.png
16,aligned-images/unknown/39-02.png
16,aligned-images/unknown/34-03.png
16,aligned-images/unknown/48-07.png
16,aligned-images/unknown/43-05.png
16,aligned-images/unknown/30-03.png
16,aligned-images/unknown/36-13.png
16,aligned-images/unknown/39-09.png
16,aligned-images/unknown/8-09.png
16,aligned-images/unknown/16-08.png
16,aligned-images/unknown/9-02.png
16,aligned-images/unknown/27-09.png
16,aligned-images/unknown/8-03.png
16,aligned-images/unknown/14-13.png
16,aligned-images/unknown/14-14.png
16,aligned-images/unknown/26-03.png
16,aligned-images/unknown/48-05.png
16,aligned-images/unknown/38-07.png
16,aligned-images/unknown/36-14.png
16,aligned-images/unknown/32-14.png
16,aligned-images/unknown/14-03.png
16,aligned-images/unknown/41-07.png
16,aligned-images/unknown/39-05.png
16,aligned-images/unknown/44-09.png
16,aligned-images/unknown/31-12.png
16,aligned-images/unknown/43-04.png
16,aligned-images/unknown/49-09.png
16,aligned-images/unknown/42-08.png
16,aligned-images/unknown/28-11.png
16,aligned-images/unknown/14-12.png
16,aligned-images/unknown/37-06.png
16,aligned-images/unknown/41-10.png
16,aligned-images/unknown/38-05.png
16,aligned-images/unknown/22-13.png
16,aligned-images/unknown/36-05.png
16,aligned-images/unknown/10-06.png
16,aligned-images/unknown/29-07.png
16,aligned-images/unknown/50-09.png
16,aligned-images/unknown/27-14.png
16,aligned-images/unknown/13-08.png
16,aligned-images/unknown/41-04.png
16,aligned-images/unknown/38-13.png
16,aligned-images/unknown/43-11.png
16,aligned-images/unknown/20-09.png
16,aligned-images/unknown/37-09.png
16,aligned-images/unknown/35-03.png
16,aligned-images/unknown/36-09.png
16,aligned-images/unknown/25-07.png
16,aligned-images/unknown/17-08.png
16,aligned-images/unknown/13-12.png
16,aligned-images/unknown/13-01.png
16,aligned-images/unknown/32-13.png
16,aligned-images/unknown/13-02.png
16,aligned-images/unknown/32-10.png
16,aligned-images/unknown/42-09.png
16,aligned-images/unknown/10-04.png
16,aligned-images/unknown/21-06.png
16,aligned-images/unknown/37-05.png
16,aligned-images/unknown/17-03.png
16,aligned-images/unknown/21-12.png
16,aligned-images/unknown/47-11.png
16,aligned-images/unknown/49-08.png
16,aligned-images/unknown/32-12.png
16,aligned-images/unknown/8-04.png
16,aligned-images/unknown/10-03.png
16,aligned-images/unknown/14-09.png
16,aligned-images/unknown/13-10.png
16,aligned-images/unknown/33-14.png
16,aligned-images/unknown/42-06.png
16,aligned-images/unknown/33-11.png
16,aligned-images/unknown/39-06.png
16,aligned-images/unknown/18-13.png
16,aligned-images/unknown/14-07.png
16,aligned-images/unknown/48-03.png
16,aligned-images/unknown/20-14.png
16,aligned-images/unknown/41-09.png
16,aligned-images/unknown/47-10.png
16,aligned-images/unknown/18-07.png
16,aligned-images/unknown/44-13.png
16,aligned-images/unknown/44-10.png
16,aligned-images/unknown/19-12.png
16,aligned-images/unknown/48-13.png
16,aligned-images/unknown/50-11.png
16,aligned-images/unknown/47-07.png
16,aligned-images/unknown/44-11.png
16,aligned-images/unknown/35-08.png
16,aligned-images/unknown/26-12.png
16,aligned-images/unknown/9-14.png
16,aligned-images/unknown/16-05.png
16,aligned-images/unknown/38-03.png
16,aligned-images/unknown/29-03.png
16,aligned-images/unknown/41-11.png
16,aligned-images/unknown/22-11.png
16,aligned-images/unknown/26-04.png
16,aligned-images/unknown/47-12.png
16,aligned-images/unknown/39-13.png
16,aligned-images/unknown/25-11.png
16,aligned-images/unknown/16-04.png
16,aligned-images/unknown/46-09.png
16,aligned-images/unknown/45-06.png
16,aligned-images/unknown/24-05.png
16,aligned-images/unknown/33-06.png
16,aligned-images/unknown/30-04.png
16,aligned-images/unknown/30-06.png
16,aligned-images/unknown/19-09.png
16,aligned-images/unknown/22-01.png
16,aligned-images/unknown/17-05.png
16,aligned-images/unknown/16-10.png
16,aligned-images/unknown/36-08.png
16,aligned-images/unknown/20-06.png
16,aligned-images/unknown/23-01.png
16,aligned-images/unknown/17-06.png
16,aligned-images/unknown/40-12.png
16,aligned-images/unknown/30-13.png
16,aligned-images/unknown/17-04.png
16,aligned-images/unknown/16-13.png
16,aligned-images/unknown/28-06.png
16,aligned-images/unknown/43-09.png
16,aligned-images/unknown/46-04.png
16,aligned-images/unknown/44-07.png
